task,train_setting,test_setting,split,moe_macro_f1,moe_acc,ce_macro_f1,ce_acc,delta_macro_f1,delta_acc
sentiment,Google,TEST_FULL,test,0.8935584870746965,0.8935643564356436,0.8786942907390726,0.8787128712871287,0.01486419633562397,0.014851485148514865
sentiment,Google,TEST_Google,test,0.8885743429027585,0.9170812603648425,0.8885073562429013,0.9187396351575456,6.698665985716001e-05,-0.0016583747927031434
sentiment,Google,TEST_Reddit,test,0.8301555080931284,0.8702791461412152,0.7879707261617166,0.8390804597701149,0.04218478193141184,0.031198686371100237
sentiment,Google,TEST_en-AU,test,0.9077923976608187,0.9083557951482479,0.8859964881474978,0.8867924528301887,0.021795909513320888,0.02156334231805923
sentiment,Google,TEST_en-IN,test,0.8416289592760181,0.8417582417582418,0.8216333938294011,0.8219780219780219,0.01999556544661696,0.01978021978021982
sentiment,Google,TEST_en-UK,test,0.9401635090415243,0.9404145077720207,0.9375404530744336,0.9378238341968912,0.0026230559670907816,0.002590673575129543
sentiment,Reddit,TEST_FULL,test,0.8695196919774949,0.8704620462046204,0.8460686121254435,0.8473597359735974,0.023451079852051415,0.02310231023102305
sentiment,Reddit,TEST_Google,test,0.8262808247156709,0.8888888888888888,0.7123737373737373,0.8308457711442786,0.11390708734193356,0.05804311774461024
sentiment,Reddit,TEST_Reddit,test,0.8195852534562211,0.8522167487684729,0.8284827200081437,0.8637110016420362,-0.008897466551922584,-0.011494252873563315
sentiment,Reddit,TEST_en-AU,test,0.9029642545771578,0.9029649595687331,0.8570764008518865,0.8571428571428571,0.045887853725271266,0.04582210242587603
sentiment,Reddit,TEST_en-IN,test,0.7893684500827358,0.7934065934065934,0.7956214358253262,0.7978021978021979,-0.006252985742590367,-0.004395604395604491
sentiment,Reddit,TEST_en-UK,test,0.9293303949822004,0.9300518134715026,0.8941450706156588,0.8963730569948186,0.03518532436654154,0.033678756476683946
sentiment,TRAIN_en-AU,TEST_FULL,test,0.8893413134484563,0.8894389438943895,0.8901616612438887,0.8902640264026402,-0.0008203477954323857,-0.0008250825082507518
sentiment,TRAIN_en-AU,TEST_Google,test,0.8839970319069997,0.9187396351575456,0.8883677877198396,0.9203980099502488,-0.004370755812839855,-0.0016583747927031434
sentiment,TRAIN_en-AU,TEST_Reddit,test,0.8180140273163529,0.8604269293924466,0.8209350191120259,0.8604269293924466,-0.002920991795673067,0.0
sentiment,TRAIN_en-AU,TEST_en-AU,test,0.905263925874585,0.9056603773584906,0.9323767653127438,0.9326145552560648,-0.027112839438158787,-0.02695417789757426
sentiment,TRAIN_en-AU,TEST_en-IN,test,0.8256155245603396,0.8263736263736263,0.8101075394052333,0.810989010989011,0.015507985155106319,0.01538461538461533
sentiment,TRAIN_en-AU,TEST_en-UK,test,0.9478716508210889,0.9481865284974094,0.9427036947075812,0.9430051813471504,0.005167956113507732,0.005181347150258975
sentiment,TRAIN_en-IN,TEST_FULL,test,0.8926223162394095,0.8927392739273927,0.8918239799307633,0.891914191419142,0.0007983363086461193,0.0008250825082507518
sentiment,TRAIN_en-IN,TEST_Google,test,0.8734750157369384,0.9071310116086235,0.886883683180901,0.9187396351575456,-0.01340866744396263,-0.011608623548922115
sentiment,TRAIN_en-IN,TEST_Reddit,test,0.8180474806201551,0.8784893267651889,0.7960515568334041,0.8653530377668309,0.02199592378675097,0.013136288998357948
sentiment,TRAIN_en-IN,TEST_en-AU,test,0.9098964504662306,0.9110512129380054,0.893089103497196,0.894878706199461,0.01680734696903463,0.016172506738544423
sentiment,TRAIN_en-IN,TEST_en-IN,test,0.8350501012659451,0.8351648351648352,0.8416289592760181,0.8417582417582418,-0.006578858010072963,-0.00659340659340657
sentiment,TRAIN_en-IN,TEST_en-UK,test,0.9429301075268817,0.9430051813471503,0.947950377562028,0.9481865284974094,-0.005020270035146379,-0.005181347150259086
sentiment,TRAIN_en-UK,TEST_FULL,test,0.8885208953484965,0.8886138613861386,0.8917779693884854,0.891914191419142,-0.003257074039988872,-0.0033003300330033403
sentiment,TRAIN_en-UK,TEST_Google,test,0.8828390193725355,0.9154228855721394,0.8774205691913868,0.9104477611940298,0.005418450181148726,0.004975124378109541
sentiment,TRAIN_en-UK,TEST_Reddit,test,0.7922784563409564,0.8620689655172413,0.807929713899527,0.8735632183908046,-0.015651257558570553,-0.011494252873563315
sentiment,TRAIN_en-UK,TEST_en-AU,test,0.8929340466623749,0.894878706199461,0.8985717135742628,0.9002695417789758,-0.00563766691188794,-0.005390835579514808
sentiment,TRAIN_en-UK,TEST_en-IN,test,0.8241070047935674,0.8241758241758241,0.8306088604596067,0.8307692307692308,-0.006501855666039336,-0.006593406593406681
sentiment,TRAIN_en-UK,TEST_en-UK,test,0.9583883573642367,0.9585492227979274,0.955851582736233,0.955958549222798,0.002536774628003613,0.002590673575129432
sarcasm,FULL,TEST_FULL,test,0.7061728395061728,0.7712418300653595,0.6694009461210597,0.7173202614379085,0.03677189338511311,0.05392156862745101
sarcasm,FULL,TEST_Reddit,test,0.7061728395061728,0.7712418300653595,0.6694009461210597,0.7173202614379085,0.03677189338511311,0.05392156862745101
sarcasm,FULL,TEST_en-AU,test,0.7072962929393638,0.7219917012448133,0.6806388617659367,0.6846473029045643,0.026657431173427115,0.03734439834024894
sarcasm,FULL,TEST_en-IN,test,0.6358333333333334,0.8347826086956521,0.5937662337662337,0.7782608695652173,0.04206709956709964,0.05652173913043479
sarcasm,FULL,TEST_en-UK,test,0.687361419068736,0.75177304964539,0.6246527777777777,0.6737588652482269,0.06270864129095832,0.07801418439716312
sarcasm,FULL,TEST_FULL,test,0.7067467416304626,0.7549019607843137,0.6694009461210597,0.7173202614379085,0.03734579550940287,0.037581699346405206
sarcasm,FULL,TEST_Reddit,test,0.7067467416304626,0.7549019607843137,0.6694009461210597,0.7173202614379085,0.03734579550940287,0.037581699346405206
sarcasm,FULL,TEST_en-AU,test,0.6817486794551015,0.6846473029045643,0.6806388617659367,0.6846473029045643,0.0011098176891648492,0.0
sarcasm,FULL,TEST_en-IN,test,0.6881548132626648,0.8565217391304348,0.5937662337662337,0.7782608695652173,0.09438857949643109,0.0782608695652175
sarcasm,FULL,TEST_en-UK,test,0.654762615706181,0.7092198581560284,0.6246527777777777,0.6737588652482269,0.03010983792840327,0.03546099290780147
sarcasm,TRAIN_en-AU,TEST_FULL,test,0.6986425339366515,0.7581699346405228,0.5543709728385563,0.5669934640522876,0.14427156109809525,0.19117647058823528
sarcasm,TRAIN_en-AU,TEST_Reddit,test,0.6986425339366515,0.7581699346405228,0.5543709728385563,0.5669934640522876,0.14427156109809525,0.19117647058823528
sarcasm,TRAIN_en-AU,TEST_en-AU,test,0.7459304922719556,0.7551867219917012,0.7371227729972125,0.7385892116182573,0.008807719274743109,0.016597510373443924
sarcasm,TRAIN_en-AU,TEST_en-IN,test,0.5430914239824168,0.7956521739130434,0.4266616664093005,0.508695652173913,0.11642975757311635,0.28695652173913044
sarcasm,TRAIN_en-AU,TEST_en-UK,test,0.6486710963455149,0.7021276595744681,0.3686673039191024,0.3687943262411347,0.2800037924264125,0.3333333333333334
sarcasm,TRAIN_en-IN,TEST_FULL,test,0.693805048538098,0.7728758169934641,0.5356368840727868,0.7271241830065359,0.15816816446531123,0.045751633986928164
sarcasm,TRAIN_en-IN,TEST_Reddit,test,0.693805048538098,0.7728758169934641,0.5356368840727868,0.7271241830065359,0.15816816446531123,0.045751633986928164
sarcasm,TRAIN_en-IN,TEST_en-AU,test,0.650958110516934,0.6763485477178424,0.423267385380879,0.5809128630705395,0.22769072513605498,0.0954356846473029
sarcasm,TRAIN_en-IN,TEST_en-IN,test,0.7017344788458422,0.8608695652173913,0.655145202020202,0.8347826086956521,0.04658927682564018,0.026086956521739202
sarcasm,TRAIN_en-IN,TEST_en-UK,test,0.7036312241791693,0.7943262411347518,0.5921487603305785,0.8014184397163121,0.11148246384859084,-0.007092198581560294
sarcasm,TRAIN_en-UK,TEST_FULL,test,0.7092186826664899,0.7892156862745098,0.5827904862899561,0.6764705882352942,0.1264281963765338,0.11274509803921562
sarcasm,TRAIN_en-UK,TEST_Reddit,test,0.7092186826664899,0.7892156862745098,0.5827904862899561,0.6764705882352942,0.1264281963765338,0.11274509803921562
sarcasm,TRAIN_en-UK,TEST_en-AU,test,0.7107276819204802,0.7344398340248963,0.4946240658837883,0.5435684647302904,0.21610361603669187,0.1908713692946059
sarcasm,TRAIN_en-UK,TEST_en-IN,test,0.6642948367086298,0.8608695652173913,0.6272687986171133,0.7391304347826086,0.0370260380915165,0.12173913043478268
sarcasm,TRAIN_en-UK,TEST_en-UK,test,0.6701169797943991,0.7659574468085106,0.6698996655518394,0.8014184397163121,0.00021731424255966303,-0.03546099290780147
